feature,importance
cumulative_km,0.3065501828469934
rolling_7d_hvac,0.22416434523569767
rolling_7d_km,0.11486244083520229
rolling_7d_brake_temp,0.10523501839471378
brake_temp_avg,0.08724530181114108
daily_km,0.07020269801513748
door_faults,0.05551820816254237
hvac_faults,0.03622180469857198
